bigg_id,fold
EX_agm_e,0
EX_fuc__L_e,0
EX_ala__D_e,0
EX_ala__L_e,0
EX_amp_e,0
EX_fusa_e,0
EX_arab__L_e,0
BIOMASS_Ec_iJO1366_WT_53p95M,0
EX_14glucan_e,0
EX_23dappa_e,0
EX_cd2_e,0
EX_cgly_e,0
EX_3hpp_e,0
EX_g3pe_e,0
EX_5mtr_e,0
EX_csn_e,0
EX_acgal1p_e,0
EX_acgam_e,0
EX_acolipa_e,0
EX_dad_2_e,0
EX_adn_e,0
EX_ag_e,0
EX_dgmp_e,0
EX_din_e,0
EX_mal__L_e,0
EX_dmso_e,0
EX_dopa_e,0
EX_doxrbcn_e,0
EX_duri_e,0
EX_melib_e,0
EX_fe3hox_e,0
EX_galctn__D_e,0
EX_tartr__D_e,0
EX_tartr__L_e,0
EX_thm_e,0
EX_thr__L_e,0
EX_o2_e,0
EX_tre_e,0
EX_tsul_e,0
EX_pi_e,0
EX_ttdcea_e,0
EX_udpacgal_e,0
EX_udpglcur_e,0
EX_progly_e,0
EX_ptrc_e,0
EX_val__L_e,0
EX_xmp_e,0
12DGR141tipp,0
EX_gbbtn_e,0
EX_so4_e,0
23PDE9pp,0
14GLUCANabcpp,0
23PDE4pp,0
EX_glcn_e,0
3NTD2pp,0
2AGPA160tipp,0
2AGPA181tipp,0
2AGPE140tipp,0
2AGPE161tipp,0
2AGPE181tipp,0
EX_gln__L_e,0
AAMYLpp,0
ACACCT,0
2AGPEAT120,0
3OAR180,0
2AGPGAT161,0
3OAR40,0
3OAR60,0
2MAHMP,0
4PCP,0
3OAS140,0
3HAD120,0
AACPS2,0
3HAD160,0
3HAD161,0
3HAD40,0
AACPS5,0
ACACT5r,0
ACONMT,0
ACANTHAT,0
ACACT7r,0
AGM4PCP,0
AHCYSNS,0
ACGAptspp,0
ACHBS,0
ACLS,0
ACMAMUT,0
ADCL,0
ACOAD3f,0
ACOATA,0
ADNt2pp_copy1,0
ADOCBLS,0
ADPT,0
ADPRDP,0
ADSL1r,0
ACPPAT140,0
ACPPAT161,0
ACPPAT180,0
EX_gtp_e,0
AM3PA,0
ALAR,0
ALAALAr,0
ALATRS,0
AOBUTDs,0
ALAt2pp_copy1,0
ARBTNexs,0
ALLK,0
EX_h2_e,0
ALLPI,0
ARBTNtpp,0
ASNabcpp,0
ALLTAMH,0
EX_h2o_e,0
ALR2,0
AP5AH,0
AP4AH,0
APG3PAT180,0
AMANK,0
EX_hacolipa_e,0
ANPRT,0
EX_halipa_e,0
AMPTASEPG,0
APRAUR,0
ARBTNabcpp,0
BTNt2ipp,0
ARGSS,0
BUTCT,0
ARGabcpp,0
ARGt3pp,0
ASNN,0
ASNS1,0
ASNS2,0
CBMD,0
ASPTRS,0
EX_hxa_e,0
ATPPRT,0
CLPNH161pp,0
ATHRDHr,0
BWCOS,0
CLPNH181pp,0
CA2t3pp,0
CBLAT,0
BWCOGDS1,0
BMOGDS2,0
CD2tpp,0
CDAPPA161,0
CAt6pp,0
CAT,0
CDAPPA120,0
CDAPPA140,0
CDAPPA141,0
CPGNR3,0
CFAS160G,0
CITt7pp,0
CUt3,0
COLIPAabcpp,0
CLPNS160pp,0
CLPNS181pp,0
CRNBTCT,0
CYSabcpp,0
EX_isetac_e,0
DADK_copy1,0
CYTK2,0
CYSTL,0
CU1Opp,0
CYTBD2pp,0
DHAtpp,0
DAGK120,0
DAGK141,0
DCYTtex,0
DDGALK,0
DDPGALA,0
DHAD2,0
DHBS,0
DSBCGT,0
DHDPRy,0
DSERt2pp,0
DHNCOAS,0
DHNCOAT,0
DSERDHr,0
DOGULNR,0
DPCOAK,0
DSBDR,0
DHNPTE,0
DHORD2,0
DHORD5,0
DHPTDNRN,0
DSBGGT,0
DURIK1,0
DMQMT,0
DXYLK,0
EAR100y,0
FALDtpp,0
FE3HOXR2,0
EAR121x,0
FE3HOXUtpp,0
FEENTERR3,0
FRUK,0
FE2tpp,0
FRUpts2pp,0
FEENTERtonex,0
FBP,0
FACOAL180t2pp,0
FACOAL60t2pp,0
FUMt2_3pp,0
FLVR,0
FEOXAMtonex,0
FDH4pp,0
FEOXAMR2,0
FHL,0
FRULYSDG,0
FE3HOXtonex,0
G5SADs,0
FRD2,0
FRUURt2rpp,0
ECAtpp,0
G3PSabcpp,0
G6PDA,0
GAMptspp,0
G6PP,0
GLCP,0
G1PPpp,0
ECOAH5,0
GCALDD,0
GAPD,0
G3PAT120,0
G3PAT160,0
G3PAT181,0
GLCRt2rpp,0
GALTptspp,0
GLCabcpp,0
G3PEabcpp,0
G3PD5,0
GALM2pp,0
GLCATr,0
GLYOX3,0
ECOAH7,0
GLYCLTt4pp,0
GLUt2rpp,0
GLYBt2pp_copy1,0
ENTCS,0
GLNS,0
ENTERES2,0
GLUDy,0
GPDDA2pp,0
GPDDA2,0
GPDDA3,0
GPDDA1pp,0
GLYOX,0
GLYTRS,0
GLYCTO3,0
H2tpp,0
HADPCOADH3,0
HXCT,0
H2Otpp,0
FA160ACPHi,0
HG2t3pp,0
IDONt2rpp,0
INSH,0
INSt2pp_copy1,0
HEMEOS,0
HACD8,0
HEX1,0
ICYSDS,0
HISTP,0
HOMt2pp,0
I4FE4ST,0
ILETRS,0
IPPMIa,0
IPPS,0
FACOAE141,0
LIPOt2pp,0
LSERDHr,0
LPLIPAL1A141pp,0
LGTHL,0
LALGP,0
LPLIPAL1A161pp,0
LPLIPAL2ATE120,0
LCADi,0
LEUt2rpp,0
KDOCT2,0
KDOPP,0
LPLIPAL2ATG140,0
KG6PDC,0
Kt3pp,0
LYSDC,0
LCTStpp,0
LIPATPT,0
LIPOCT,0
FACOAL141t2pp,0
MAN6Pt6_2pp,0
MEOHtrpp,0
METOX2s,0
MOX,0
MLDCP1App,0
MLDCP2App,0
MANAO,0
MCTP1App,0
MDDCP1pp,0
MN2t3pp,0
MG2tpp,0
MN6PP,0
NACtpp,0
METS,0
NNAM,0
NNDMBRT,0
NAt3_2pp,0
O16A4COLIPAabctex,0
NDPK7,0
NDPK8,0
NTPP4,0
NO3t7pp,0
NTP3pp,0
NTP5,0
MOGDS,0
NTP12,0
NTPP5,0
NTPP7,0
MOAT,0
P5CD,0
O16AP2pp,0
PA120abcpp,0
PE120abcpp,0
PGSA120,0
ORNDC,0
PDE4,0
PFK,0
PDH,0
OXDHCOAT,0
PAPA120pp,0
MOADSUx,0
PGLYCP,0
PFL,0
PGPP141pp,0
PHEMEtiex,0
PHEt2rpp,0
PMPK,0
PGSA180,0
PGPP140,0
PGPP140pp,0
PLIPA1A181pp,0
PMEACPE,0
PPALtpp,0
PROGLYabcpp,0
PPNDH,0
PNTOt4pp,0
POX,0
MPTAT,0
PSCLYSt2pp,0
PPBNGS,0
R1PK,0
PPC,0
PPCK,0
R5PPpp,0
MTHFC,0
PYAM5PO,0
PYROX,0
PROTRS,0
PTRCORNt7pp,0
PTRCTA,0
PSD141,0
PSD161,0
RFAMPtpp,0
SELGTHR,0
SELtpp,0
NADH10,0
RBP4E,0
SPMS,0
SELR,0
RZ5PP,0
SADT2,0
SERASr,0
SUCCt2_2pp,0
SERt2rpp,0
SERt4pp,0
SGSAD,0
SHCHCS3,0
SHK3Dr,0
SKMt2pp,0
NADPHQR4,0
SPODM,0
SPODMpp,0
THYMt3pp,0
NADTRHD,0
TTDCEAtexi,0
ThDPAT,0
THRt4pp,0
THRt2pp,0
TPI,0
TMAOR2pp,0
TMPK,0
TPRDCOAS,0
UAMAGS,0
XYLUt2pp,0
UREAtpp,0
EX_feroxB_e,0
TYRt2rpp,0
EX_23dhbzs3_e,0
WCOS,0
ZN2abcpp,0
UPPRT,0
URIK2,0
UDPG4E,0
VPAMTr_copy1,0
TUNGSabcpp,0
UDPGALPpp,0
EX_2pg_e,0
TCBt2ex,0
EX_salchsx_e,0
XYLt2pp,0
DXYLUDtpp,0
DDCAt2pp,0
NPHS,0
TYRL,0
GTHPi_copy2,0
TAG1PK,0
UPLA4NT,0
OCDCAt2pp,0
EX_3hoxpac_e,0
EX_o6a4colipa_e,0
EX_4hoxpac_e,0
GULNLtex,0
ICITtex,0
EX_3ntym_e,0
EX_peng_e,0
UDPGDC,0
PRASCSi_copy2,0
ORNtex,0
HCINNMtex,0
UGLYCH,0
RNMK,0
4HALDD,0
UM3PL,0
UM4PL,0
UPLA4FNF,0
GLCOAS,0
BSORy,0
UPP3MT,0
DMALRED,0
LPLIPAL1E120pp,0
DARBt2rpp,0
DARBt3ipp,0
35PHACTE,0
PGP161abcpp,0
EAR160y,0
EAR161y,0
EAR40x,0
34PHACTE,0
ENLIPIDAt2ex,0
PLIPA1G120pp,0
PLIPA1G140pp,0
LPLIPAL1E140pp,0
PLIPA1G161pp,0
PLIPA2A140pp,0
FACOAE80,0
PLIPA2A160pp,0
PLIPA2E120pp,0
NTD4pp,0
LPLIPAL1E141pp,0
PLIPA2E141pp,0
PLIPA2G161pp,0
OROTtex,0
PLIPA2G180pp,0
PLIPA1A140pp,0
LPLIPAL1E181pp,0
RNDR4b,0
DXYLUDtex,0
TAGtex,0
HIStex,0
HOMtex,0
LPLIPAL1G181pp,0
AIRStex,0
LPLIPAL2ATG180,0
XANtex,0
ACACtex,0
DOPAtex,0
ACGAtex,0
DMSOtex,0
ACMANAtex,0
DSERtex,0
ACMUMtex,0
DTMPtex,0
LPLIPAL2E141,0
INSTtex,0
ALLTNtex,0
PPTtex,0
ACSERtex,0
CLBtex,0
UDPACGALtex,0
LEUtex,0
AMPtex,0
FE3tex,0
THMtex,0
SALCNtex,0
ARBtex,0
PYDXtex,0
ARGtex,0
FRUURtex,0
MANGLYCtex,0
QUIN2tex,0
ASCBtex,0
ARBTtex,0
R5Ptex,0
FUMtex,0
SBTtex,0
CA2tex,0
LPLIPAL2G140,0
SELtex,0
LPLIPAL2G141,0
GBBTNtex,0
MSO3tex,0
BALAtex,0
GDPtex,0
LPLIPAL2G180,0
SULFACtex,0
GLCUR1Ptex,0
NH4tex,0
GLCURtex,0
TCYNTtex,0
NTPP8,0
GLYtex,0
CYNTtex,0
CYSDtex,0
12PPDRtex,0
12PPDStex,0
GLYC2Ptex,0
23DAPPAtex,0
D_LACtex,0
MDDEP3pp,0
THRtex,0
TTRCYCtex,0
GTHRDtex,0
TYMtex,0
O2Stex,0
O2tex,0
DCAtex,0
DAPtex,0
3OAS100,0
AGPAT120,0
PAPA180,0
PE141abcpp,0
PAPA181,0
PE180abcpp,0
PE181abcpp,0
PGSA181,0
PG140abcpp,0
PG161abcpp,0
PLIPA1E140pp,0
PGP160abcpp,0
EX_fecrm_un_e,1
EX_feoxam_un_e,1
EX_fru_e,1
EX_akg_e,1
DM_4crsol_c,1
DM_5drib_c,1
EX_alltn_e,1
EX_g1p_e,1
EX_arbtn_e,1
EX_23camp_e,1
EX_23ccmp_e,1
EX_23cgmp_e,1
EX_arg__L_e,1
EX_asp__L_e,1
EX_btn_e,1
EX_cbi_e,1
EX_34dhpac_e,1
EX_LalaDglu_e,1
EX_co2_e,1
EX_cpgn_un_e,1
EX_LalaDgluMdapDala_e,1
EX_acmana_e,1
EX_acmum_e,1
EX_adocbl_e,1
EX_g6p_e,1
EX_dimp_e,1
EX_mal__D_e,1
EX_malt_e,1
EX_malttr_e,1
EX_maltttr_e,1
EX_eca4colipa_e,1
EX_meoh_e,1
EX_met__D_e,1
EX_etoh_e,1
EX_f6p_e,1
EX_gal1p_e,1
EX_fe3dhbzs_e,1
EX_galct__D_e,1
EX_ni2_e,1
EX_no_e,1
EX_tcynt_e,1
EX_novbcn_e,1
EX_thrp_e,1
EX_thymd_e,1
EX_galur_e,1
EX_pheme_e,1
EX_ttrcyc_e,1
EX_tungs_e,1
EX_tyrp_e,1
EX_uacgam_e,1
EX_udpgal_e,1
EX_pydam_e,1
EX_urea_e,1
EX_uri_e,1
EX_pydx_e,1
EX_gam6p_e,1
EX_xylu__L_e,1
EX_r5p_e,1
EX_rmn_e,1
12DGR140tipp,1
12PPDRtpp,1
EX_so2_e,1
EX_gdp_e,1
23DAPPAt2pp,1
EX_spmd_e,1
2AGPA120tipp,1
2AGPA140tipp,1
2AGPA141tipp,1
3NTD7pp,1
3NTD9pp,1
4PCPpp,1
ABUTt2pp,1
2AGPGAT140,1
EX_gly_e,1
2DGULRy,1
3OAS141,1
EX_glyald_e,1
3OAS160,1
3HAD100,1
3HAD121,1
3OAS80,1
EX_glyb_e,1
5DOAN,1
AACPS3,1
ACALDtpp,1
ACGAM1PPpp,1
ACACT1r,1
EX_glyc__e,1
ADOCBIK,1
ACOAD1f,1
ACGK,1
ACM6PH,1
ADD,1
ADCS,1
ADEt2rpp,1
ADNUC,1
ADNt2pp_copy2,1
ACOAD8f,1
ACPPAT141,1
ACOTA,1
ADOCBLabcpp,1
ADOCBLtonex,1
AGM4PA,1
AGM3PA,1
ALDD4,1
AM4PCP,1
AGMt2pp,1
AGMT,1
AGPAT160,1
AKGDH,1
AKGt2rpp,1
AGPAT181,1
ALAALAD,1
AIRC2,1
ALDD19xr,1
ARBTNR3,1
ALLTN,1
ALLTNt2rpp,1
ALR4x,1
AOXSr2,1
ARBTptspp,1
ALLabcpp,1
AMALT2,1
AMALT3,1
APG3PAT161,1
APH120,1
AMPN,1
ARBt3ipp,1
EX_hdcea_e,1
ARGORNt7pp,1
ASCBPL,1
CBL1tonex,1
ASCBptspp,1
ASP1DC,1
ASPCT,1
ASNt2rpp,1
ASPO4,1
ASPT,1
ASPTA,1
ASPt2_2pp,1
CITt3pp,1
CLPNH120pp,1
AST,1
ATPS4rpp,1
BUTSO3abcpp,1
CD2abcpp,1
CD2t3pp,1
CDAPPA160,1
CDAPPA181,1
EX_ile__L_e,1
CPGNR2,1
CPGNexs,1
EX_imp_e,1
CHLt2pp,1
CLPNS120pp,1
CU2tpp,1
CLPNS141pp,1
CLPNS161pp,1
CYSDabcpp,1
CTBTCAL2,1
DADA,1
CRNt2rpp,1
CTBTt2rpp,1
CYTK1,1
CRNt7pp,1
CYSSADS,1
CYSDS,1
CYTBO3_4pp,1
CU1abcpp,1
CYANST,1
CYANSTpp,1
CYTDH,1
DAAD,1
EX_lcts_e,1
DKGLCNR2y,1
DDCAtexi,1
DCYTt2pp,1
DAPAL,1
DASYN120,1
DDGLK,1
DDPA,1
DHPPD,1
DHDPS,1
DHMPTR,1
DHFR,1
DHNAOT4,1
DSBAO1,1
DHPS2,1
DHPTDNR,1
DSBAO2,1
DTARTD,1
DURADx,1
DMSOR1,1
ETOHtrpp,1
EAR140x,1
ETHSO3abcpp,1
FE3abcpp,1
FECRMR1,1
FEENTERR2,1
EDD,1
FEENTERR1,1
FALDH2,1
FECRMabcpp,1
FESD1s,1
FESD2s,1
FBA,1
EDTXS2,1
FADRx2,1
FUMt2_2pp,1
FACOAL181t2pp,1
FCLK,1
FCLT,1
FEROpp,1
FOMETRi,1
EGMEACPR,1
FEOXAMR3,1
FE2t2pp,1
FE3DCITtonex,1
FE3DCITabcpp,1
FMETTRS,1
FMNAT,1
FMNRx,1
FORtppi,1
FRULYSt2pp,1
G3PD7,1
FTHFD,1
G3PD2,1
GLCt2pp,1
G1PTT,1
GART,1
G2PPpp,1
G3PAT141,1
G3PAT180,1
GALURt2rpp,1
ECAP3pp,1
GALCTND,1
GALCTNt2pp,1
GLCDpp,1
GLCRAL,1
GLYCTO4,1
GLCS1,1
EDTXS3,1
GLUNpp,1
GUR1PPpp,1
ENO,1
GLYCAt2rpp,1
H2SO,1
H2St1pp,1
GP4GH,1
GLUABUTt7pp,1
GRTT,1
GMAND,1
GMHEPK,1
GMPR,1
GNK,1
GLUR,1
GPDDA3pp,1
GLYCK2,1
GLYCLTDx,1
GSNK,1
GTPDPDP,1
GSPMDS,1
GTHOr,1
HEX4,1
HXPRT,1
HG2abcpp,1
GTPCII2,1
GUI1,1
K2L4Aabctex,1
HPYRRy,1
HYXNtpp,1
HBZOPT,1
HEPK1,1
HACD6,1
HACD1,1
IGPDH,1
I4FE4SR,1
I2FE2SR,1
HISTRS,1
HISabcpp,1
HMPK1,1
IDOND2,1
HPYRI,1
HSST,1
ILEt2rpp,1
IPDDI,1
LCARR,1
LYSabcpp,1
KAS14,1
FACOAE180,1
L_LACt2rpp,1
LACZ,1
LCARS,1
LYXt2pp,1
MALt3pp,1
MALTTTRtexi,1
LIPAMPL,1
MDH,1
MANptspp,1
LPADSS,1
FACOAL140t2pp,1
LPLIPAL1A120pp,1
MALDt2_2pp,1
MALt2_3pp,1
MG2t3_2pp,1
MCTP2App,1
MDDCP2pp,1
MDDCP3pp,1
MN2tpp,1
ME2,1
MECDPDH5,1
MLTP1,1
MLTP2,1
NMNDA,1
NMNN,1
NOVBCNtex,1
METSOXR1,1
NH4tpp,1
NNATr,1
NI2t3pp,1
MLTGY2pp,1
NDPK1,1
NDPK2,1
O16AT,1
OCDCEAtexi,1
NDPK4,1
NTPP9,1
NTPP3,1
O16A4Lpp,1
NTP3,1
NO3R1pp,1
NO3R2pp,1
NTD10,1
NTD5,1
OMCDC,1
NTPP2,1
NTPTP2,1
NTPTP1,1
OGMEACPR,1
NTRIR4pp,1
OPMEACPR,1
OPMEACPS,1
OMBZLM,1
OCTDPS,1
OMPHHX,1
PGK,1
OP4ENH,1
PGL,1
ORPT,1
P5CR,1
PAPSR,1
PAPSR2,1
MOAT2,1
PGPP180,1
MOBDabcpp,1
PLIPA1A180pp,1
MOHMT,1
PPPNDO,1
PPGPPDP,1
PPAt4pp,1
PYRt2rpp,1
QUIN2tpp,1
PUNP1,1
PUNP2,1
PSP_Lpp,1
PPK2,1
PPS,1
PYDAMK,1
PPPGO,1
PPTHpp,1
PRAGSr,1
PRATPP,1
PTPATi,1
PUNP5,1
RFAMPtex,1
S2FE2ST,1
SELGTHR3,1
RNDR4,1
RMNtpp,1
SOTA,1
NADH16pp,1
S2FE2SS2,1
SUCptspp,1
SULFACabcpp,1
SERTRS2,1
THD2pp,1
TARTt2_3pp,1
SPMDAT2,1
SPMDt3pp,1
THRA,1
SUCDi,1
TARTRt7pp,1
THRA2,1
TTRCYCtpp,1
TRPAS2,1
TALA,1
TGBPA,1
THRt2rpp,1
TKT1,1
TKT2,1
UDCPPtppi,1
XANtpp,1
TMPPP,1
THRTRS,1
TYROXDApp,1
THZPSN3,1
TREHpp,1
UDCPDPS,1
TRPTRS,1
EX_chitob_e,1
UAGDP,1
EX_tcb_e,1
EX_tton_e,1
AIRStpp,1
ZN2t3pp,1
URIt2pp_copy1,1
URIt2pp_copy2,1
ZN2tpp,1
GLYBt2pp_copy2,1
EX_tet_e,1
EX_oaa_e,1
EX_fe3dhbzs3_e,1
UNK3,1
XYLK,1
UGLCURPpp,1
DHPTDCs,1
ZNabcpp,1
EX_colipa20Oag_e,1
SCYSSL,1
XYLI2,1
EX_rnam_e,1
EX_dxyl_e,1
SALCHS4FEabcpp,1
EX_3pg_e,1
EX_udcpo4_e,1
EX_feroxGfe_e,1
HACD7i,1
HACD5i,1
EX_btd_Re,1
TYRTRS,1
EX_kokdolipidA_e,1
UACMAMO,1
UAGAAT,1
UAGCVT,1
UDCPDP,1
CTECOAI8_copy2,1
SALCHS2FEabcpp,1
CHOLD,1
UDPGALtex,1
UDPGLCURtex,1
3UMPtex,1
UGLT,1
MECDPDH2,1
ENLIPIDAt1ex,1
4HOXPACt2pp,1
URFGTT,1
DGUNC,1
UPPDC1,1
3PHACTE,1
PGP180abcpp,1
PGP181abcpp,1
CTECOAI6_copy2,1
EAR80y,1
PLIPA2A141pp,1
PLIPA2A161pp,1
PLIPA2A180pp,1
LPLIPAL1E161pp,1
PLIPA2G140pp,1
DGSNtex,1
LPLIPAL1E180pp,1
PLIPA1A160pp,1
PLIPA1A161pp,1
LPLIPAL1G140pp,1
SALCHSXtex,1
HG2tex,1
UREAtex,1
LPLIPAL1G180pp,1
AEPtex,1
FOAMtex,1
VALtex,1
ACGAL1Ptex,1
DMStex,1
HYXNtex,1
Htex,1
IDONtex,1
INDOLEtex,1
FE2tex,1
L_LACtex,1
LALADGLUtex,1
LYStex,1
3hoxpactex,1
ETHAtex,1
ETHSO3tex,1
LYXtex,1
AGMtex,1
F6Ptex,1
LIPOtex,1
MALDtex,1
RAFFtex,1
PTRCtex,1
FRUtex,1
LPLIPAL2G120,1
FUCtex,1
MEOHtex,1
FUSAtex,1
ASO3tex,1
GALCTtex,1
MNLtex,1
G1Ptex,1
GALURtex,1
MOBDtex,1
MG2tex,1
G3PCtex,1
G3PItex,1
SERtex,1
SLNTtex,1
BUTSO3tex,1
GAL1Ptex,1
GALBDtex,1
GLNtex,1
SUCCtex,1
COBALT2tex,1
MDDCP5pp,1
TARTRtex,1
NADH18pp,1
GLUtex,1
CYANtex,1
23CAMPtex,1
CYStex,1
TREtex,1
TRPtex,1
MDDEP4pp,1
TYRPtex,1
PAPA141pp,1
2AGPG160tipp,1
2AGPG161tipp,1
2AGPGAT180,1
UACGAMtex,1
3HAD80,1
H2Stex,1
RNDR2b,1
RNDR3b,1
PAPA160pp,1
AGPAT141,1
FE3DHBZStonex,1
PE140abcpp,1
PLIPA1E141pp,1
PLIPA1E181pp,1
EX_feenter_e,2
EX_for_e,2
EX_fum_e,2
EX_alaala_e,2
EX_all__D_e,2
EX_arbt_e,2
BIOMASS_Ec_iJO1366_core_53p95M,2
EX_12ppd__e,2
EX_12ppd__S_e,2
EX_23cump_e,2
EX_asn__L_e,2
EX_butso3_e,2
EX_26dap__M_e,2
EX_2ddglcn_e,2
EX_cbl1_e,2
EX_3amp_e,2
EX_3cmp_e,2
EX_chol_e,2
EX_chtbs_e,2
EX_cl_e,2
EX_3hpppn_e,2
EX_3ump_e,2
EX_4abut_e,2
EX_5dglcn_e,2
EX_colipa_e,2
EX_crn_e,2
EX_acald_e,2
EX_g3pi_e,2
EX_cynt_e,2
EX_acnam_e,2
EX_damp_e,2
EX_g3ps_e,2
EX_malthx_e,2
EX_maltpt_e,2
EX_gal_bD_e,2
EX_dump_e,2
EX_etha_e,2
EX_man6p_e,2
EX_manglyc_e,2
EX_met__L_e,2
EX_mincyc_e,2
EX_minohp_e,2
EX_fe3dcit_e,2
EX_mnl_e,2
EX_mobd_e,2
EX_na1_e,2
EX_nac_e,2
EX_sulfac_e,2
EX_no3_e,2
EX_o2s_e,2
EX_tmao_e,2
EX_ocdcea_e,2
EX_galt_e,2
EX_octa_e,2
EX_orot_e,2
EX_ttdca_e,2
EX_pacald_e,2
EX_tyr__L_e,2
EX_gam_e,2
EX_xan_e,2
EX_xtsn_e,2
EX_rfamp_e,2
EX_sbt__D_e,2
EX_sel_e,2
12DGR181tipp,2
EX_glc__D_e,2
2AGPA180tipp,2
EX_glcr_e,2
2AGPE141tipp,2
EX_glcur_e,2
2AGPE180tipp,2
2AGPEAT141,2
2AGPEAT160,2
2AGPEAT181,2
ABTA,2
ABUTD,2
2AGPGAT120,2
EX_glu__L_e,2
2DGULRGx,2
3OAR80,2
2DGULRx,2
3KGK,2
3AMACHYD,2
3OAS121,2
4HTHRS,2
3OAR121,2
5DGLCNt2rpp,2
3OAR160,2
3OAS120,2
3OAR161,2
A5PISO,2
AACPS6,2
AACPS7,2
ACGAL1PPpp,2
ACACT2r,2
ACONIs,2
ACGS,2
EX_glyc2p_e,2
ACGAMK,2
AGM4PCPpp,2
ACNAMt2pp,2
ACOAD4f,2
ACOAD5f,2
ADNCYC,2
ACODA,2
ADNtex,2
ACONTb,2
ADSL2r,2
ADSS,2
AGDC,2
EX_gthox_e,2
EX_gthrd_e,2
AGMH,2
AGM4Pt2pp,2
AGMHE,2
ALCD2x,2
AICART,2
ALAGLUE,2
ALATA_L,2
EX_h_e,2
ALAabcpp,2
ALCD19,2
ALDD2y,2
ALDD2x,2
ARBTNtex,2
ALDD3y,2
ASNNpp,2
ALPATE160pp,2
ALPATG160pp,2
AMALT4,2
AP4AS,2
APG3PAT140,2
APG3PAT181,2
ARAI,2
ARGDCpp,2
CBL1abcpp,2
EX_hg2_e,2
CBItonex,2
ASPO3,2
CLPNH140pp,2
CLPNH160pp,2
BMOCOS,2
BPNT,2
CMPN,2
BWCOGDS2,2
CBIAT,2
CDAPPA180,2
CDGR,2
CO2tpp,2
CPGNR1,2
CFAS160E,2
CPPPGO,2
CHORM,2
CPGNabcpp,2
CPGNtonex,2
CLPNS140pp,2
COBALT2tpp,2
CPMPS,2
EX_ins_e,2
DAPabcpp,2
CYStpp,2
CRNabcpp,2
DADNtex,2
CRNt8pp,2
EX_k_e,2
CTECOAI8_copy1,2
CYSS,2
CYSTRS,2
CYTD,2
CYTDK2,2
DKGLCNR2x,2
DKGLCNR1,2
DASYN140,2
DASYN141,2
DASYN180,2
DHACOAH,2
EX_lipa_cold_e,2
DHBD,2
DMSOtpp,2
DURIt2pp,2
DHCIND,2
ETHAt2pp,2
DMATT,2
E4PD,2
ENLIPAabctex,2
EAR120x,2
FALGTHLs,2
FE3HOXR1,2
EAR141x,2
FE3HOXUtex,2
FE3HOXexs,2
EDA,2
FECRMUtex,2
FEOXAMUtpp,2
FECRMtonex,2
FTHFLi,2
FE3HOXabcpp,2
EDTXS1,2
FE2t3pp,2
FEOXAMabcpp,2
FE3Ri,2
FEENTERtex,2
FCI,2
FORCT,2
FDMO,2
FDH5pp,2
FDMO4,2
ECA4OALpp,2
G3PIabcpp,2
FUCtpp,2
G6Pt6_2pp,2
FUSAtpp,2
GHMT2r,2
GARFT,2
GGGABADr,2
G3PAT140,2
ECAP2pp,2
GGGABAH,2
GDPDPK,2
G6PDH2r,2
GALCTD,2
GDPMNH,2
ECOAH6,2
GALKr,2
GGPTRCO,2
GLBRAN2,2
GLCP2,2
GLCtex_copy2,2
GLCptspp,2
GLCRD,2
ECOAH8,2
GLCTR3,2
GUAtpp,2
GLYt2pp_copy1,2
GLYBabcpp,2
GLNTRS,2
GLTPD,2
GOFUCR,2
GLUCYS,2
GLUN,2
GLUTRR,2
GPDDA1,2
GPDDA5pp,2
GLYCK,2
GLYK,2
F6PA,2
GUAD,2
GTHS,2
GUAPRT,2
HMBS,2
HYPOE,2
HCO3E,2
HDCAtexi,2
INStex,2
HACD5,2
K2L4Aabcpp,2
IPDPS,2
ICDHyr,2
HACD7,2
HEPT3,2
FA120ACPHi,2
HEPT4,2
I2FE2SS,2
HISTD,2
IGPS,2
INOSTt4pp,2
IPMD,2
LALDO3,2
IPPMIb,2
LIPAabctex,2
LYSt3pp,2
KAS15,2
LPLIPAL1A160pp,2
LIPACabcpp,2
LIPAabcpp,2
LPLIPAL2A141,2
LPLIPAL2A161,2
KARA2,2
KDOPS,2
L_LACD3,2
LPLIPAL2ATG160,2
LYSt2pp,2
MALTHXtexi,2
LALADGLUtpp,2
MALTPTabcpp,2
MALTTTRabcpp,2
LIPOS,2
LPLIPAL1A140pp,2
MALt2_2pp,2
MCOATA,2
M1PD,2
MALDDH,2
MALS,2
MAN1PT2,2
MANGLYCptspp,2
MCPST,2
MCTP1Bpp,2
MDH2,2
MICITDr,2
MDDEP1pp,2
MELIBt2pp,2
MDDCP4pp,2
MI1PP,2
N2Otpp,2
METAT,2
MGSA,2
MLTG3,2
MLTG4,2
MLTG1,2
MLTG2,2
MMCD,2
NI2abcpp,2
NADPPPS,2
MTAN,2
O16GLCT2,2
O2tpp,2
NTPP10,2
NO3R1bpp,2
OAADC,2
NODOy,2
NTD2,2
NTD4,2
NTD10pp,2
MOCOS,2
NTD7pp,2
NTD1pp,2
NTP11,2
NTP10,2
PACALDt2rpp,2
O16GALFT,2
NTRIR3pp,2
O16GLCT1,2
MSO3abcpp,2
O16AP3pp,2
OBTFL,2
OCBT,2
PA160abcpp,2
PEAMNOpp,2
OMMBLHX,2
OMPDC,2
MPTG,2
PGSA140,2
OXCDC,2
PDE1,2
PDX5POi,2
PETNT161pp,2
PAPA120,2
PGAMT,2
PGPP160,2
PGMT,2
PHETA1,2
PGPP161pp,2
PGSA160,2
PNTK,2
PPND,2
PROabcpp,2
PYDXtpp,2
PROD2,2
PPCDC,2
PYNP2r,2
PYK,2
MPTSS,2
PPM2,2
PPPGO3,2
PSERT,2
PRASCSi_copy1,2
PSSA180,2
PTA2,2
PRMICI,2
MTHFR2,2
PSCVT,2
PSD160,2
MTRPOX,2
PSD180,2
PSD181,2
PSD120,2
PUNP6,2
QMO2,2
QUINDH,2
RBFSb,2
SELGTHR2,2
RPE,2
REPHACCOAI,2
RPI,2
SARCOX,2
RMPA,2
RNDR1b,2
S2FE2SS,2
SEPHCHCS,2
THMDt2pp_copy2,2
THFAT,2
THMabcpp,2
SERTRS,2
SFGTHi,2
SUCCt2_3pp,2
SHKK,2
SUCASPtpp,2
NADS1,2
SSALx,2
TAGURr,2
THRabcpp,2
TRE6PS,2
TTDCAtexi,2
TDPDRR,2
THDPS,2
TDSK,2
TMDPP,2
THRD_L,2
UM4PCP,2
TRDR,2
TRPS1,2
TARTRtpp,2
EX_4abz_e,2
TRPS2,2
EX_acon_C_e,2
TRPt2rpp,2
XTSNH,2
EX_4hthr_e,2
EX_feroxE_e,2
EX_tag__D_e,2
EX_cysi__L_e,2
SALCHS2FEexs,2
EX_drib_e,2
UDPGPpp,2
EX_feroxBfe_e,2
EX_salchs4fe_e,2
URAt2pp_copy1,2
URDGLYCD,2
VALTRS,2
XANt2pp,2
EX_remnant1_e,2
XYLabcpp,2
NMNR,2
SLCYSS,2
HACD2i,2
HACD4i,2
EX_feroxG_e,2
EX_rbt_e,2
EX_13ppd_e,2
CHITOBpts,2
BSORx,2
CSNt2pp,2
EX_fe_e,2
UAG2E,2
4HTHRtex,2
3NTYROXDApp,2
UDPGD,2
INDOLEt2pp,2
URIDK2r,2
HACD1i,2
UDPKAAT,2
3PEPTtex,2
34DHALDD,2
UMPK,2
AGMPTRCtpp,2
PFOR,2
DSCLCOCH,2
PPRDNDH,2
UPLA4FNT,2
GLUSy,2
GALAM6PISO,2
DRIBtex,2
DARBabcpp,2
ACGAL6PI,2
EAR160x,2
EAR161x,2
EAR181y,2
EAR60y,2
FACOAE60,2
NTD9pp,2
NTD5pp,2
LPLIPAL1E160pp,2
PLIPA2E161pp,2
PLIPA2E180pp,2
4PEPTtex,2
PLIPA2G181pp,2
PLIPA1A120pp,2
PLIPA1A141pp,2
LPLIPAL1G120pp,2
3PGtex,2
5MTRtex,2
PACALDtex,2
URAtex,2
CYSItex,2
OAAtex,2
HPPPNtex,2
ABUTtex,2
ACGALtex,2
HXAtex,2
LPLIPAL2E120,2
XYLUtex,2
PPALtex,2
DUMPtex,2
ALAtex,2
FALDtex,2
IMPtex,2
PPPNtex,2
PHEtex,2
ADEtex,2
PROtex,2
LCTStex,2
ANHGMtex,2
THMDtex,2
FORtex,2
HPAtex,2
DARBtex,2
MANtex,2
PYDAMtex,2
PYDXNtex,2
ASNtex,2
METSOX2tex,2
ASPtex,2
GALtex,2
G3PEtex,2
G3PStex,2
N2Otex,2
CHLtex,2
SO3tex,2
CLtex,2
SO4tex,2
CHTBStex,2
CMtex,2
NAtex,2
TMAOtex,2
GLYALDtex,2
23CCMPtex,2
23CGMPtex,2
23CUMPtex,2
GMPtex,2
CRNDtex,2
GLYC3Ptex,2
3GMPtex,2
CSNtex,2
GLYCtex,2
THYMtex,2
MALTabcpp,2
2AGPG141tipp,2
3HPPtex,2
OCTAtex,2
2AGPG180tipp,2
2AGPG181tipp,2
PAPA160,2
AGPAT140,2
PAPA161,2
PG181abcpp,2
PLIPA1E160pp,2
PLIPA1E161pp,2
LPLIPAL1A180pp,2
EX_fruur_e,3
EX_ala_B_e,3
DM_oxam_c,3
EX_arbtn_fe3_e,3
EX_15dap_e,3
EX_ascb__L_e,3
EX_aso3_e,3
EX_but_e,3
EX_ca2_e,3
EX_g3pc_e,3
EX_3gmp_e,3
EX_4hoxpacd_e,3
EX_cm_e,3
EX_cmp_e,3
EX_cobalt2_e,3
EX_colipap_e,3
EX_LalaLglu_e,3
EX_g3pg_e,3
EX_acac_e,3
EX_acgal_e,3
EX_cys__D_e,3
EX_acgam1p_e,3
EX_acser_e,3
EX_cys__L_e,3
EX_dca_e,3
EX_ade_e,3
EX_dcmp_e,3
EX_dcyt_e,3
EX_ddca_e,3
EX_dha_e,3
EX_lipoate_e,3
EX_lyx__L_e,3
EX_gal_e,3
EX_enlipa_e,3
EX_metsox__L_e,3
EX_fe3_e,3
EX_mso3_e,3
EX_n2o_e,3
EX_nh4_e,3
EX_nmn_e,3
EX_taur_e,3
EX_thym_e,3
EX_orn_e,3
EX_phe__L_e,3
EX_pnto__e,3
EX_ppa_e,3
EX_tym_e,3
EX_ppal_e,3
EX_pppn_e,3
EX_pro__L_e,3
EX_udpg_e,3
EX_ump_e,3
EX_ura_e,3
EX_pser__L_e,3
EX_pydxn_e,3
EX_xyl__D_e,3
EX_zn2_e,3
EX_rib__D_e,3
12DGR120tipp,3
EX_so3_e,3
12PPDStpp,3
23PDE2pp,3
23PDE7pp,3
3HPPtpp,3
3NTD4pp,3
2AGPE120tipp,3
2AGPE160tipp,3
AADDGT,3
AB6PGH,3
2AGPEAT161,3
2AGPEAT180,3
2AGPGAT141,3
2DGULRGy,3
3OXCOAT,3
3OAR100,3
3OAR120,3
5DGLCNR,3
3OAS180,3
3OAS60,3
AACPS1,3
3HAD141,3
3HAD181,3
3HAD60,3
AACPS8,3
ACACT3r,3
ACACT4r,3
ACNAMtex,3
ACBIPGT,3
EX_glyc3p_e,3
ACS,3
ACKr,3
ACPS1,3
ACSERtpp,3
ACMUMptspp,3
ACNML,3
ADK3,3
EX_gmp_e,3
ADNK1,3
ADMDC,3
ACOAD7f,3
EX_gsn_e,3
ADSK,3
ACOLIPAabctex,3
ACONTa,3
ACPPAT120,3
AGM4PApp,3
ALAt2pp_copy2,3
AGM4PH,3
AGM3Pt2pp,3
AGPAT161,3
ALAALAabcpp,3
AGPAT180,3
AGPR,3
EX_gua_e,3
ALATA_D2,3
AIRC3,3
ALLULPE,3
ALTRH,3
APG3PAT120,3
AMANAPEr,3
AMAOTr,3
APH160,3
ANHMK,3
APH161,3
APH180,3
APH181,3
AMPTASECG,3
ARBabcpp,3
EX_hdca_e,3
ATPHs,3
ARGAGMt7pp,3
ARGDC,3
ARGSL,3
ASAD,3
ASPO6,3
ASNTRS,3
EX_his__L_e,3
EX_hom__L_e,3
CDGS,3
CLPNH141pp,3
ASPt2pp_copy1,3
EX_hxan_e,3
CCGS,3
CBMKr,3
EX_idon__L_e,3
CPGNUtex,3
CFAS180E,3
EX_indole_e,3
COBALT2abcpp,3
CHORS,3
CPH4S,3
EX_inost_e,3
CPPPGO2,3
CRNDCAL2,3
CRNCAL2,3
DATPHs,3
CYTDt2pp_copy2,3
CTBTabcpp,3
CRNDt2rpp,3
DADNt2pp,3
CTECOAI6_copy1,3
CYSabc2pp,3
D_LACt2pp,3
CYTBDpp,3
DHORDfum,3
DAGK161,3
DHAPT,3
DINSt2pp,3
DAPDC,3
DHPPDA2,3
EX_leu__L_e,3
DASYN160,3
DDGLCNt2rpp,3
DASYN181,3
DB4PS,3
DC6PH,3
DHAD1,3
DMSOR1pp,3
DMSOR2pp,3
DPR,3
DHNPA2r,3
DHORTS,3
DHPTPE,3
DHQS,3
DURIPP,3
DUTPDP,3
EAR120y,3
FE3DHBZR,3
FACOAL160t2pp,3
FECRMR3,3
FEENTERexs,3
FADRx,3
FACOAL161t2pp,3
FLVRx,3
FEOXAMR1,3
FEENTERabcpp,3
FESR,3
EPMEACPR,3
FE2abcpp,3
FE3DHBZSabcpp,3
FMNRx2,3
FRULYSK,3
G3PD6,3
FUM,3
GALUi,3
G5SD,3
ECOAH4,3
G3PT,3
GAL1PPpp,3
G1SAT,3
ECAP1pp,3
GK1,3
GAM6Pt6_2pp,3
G3PCabcpp,3
GDPTPDP,3
GALt2pp,3
GALCTLO,3
GDPMNP,3
GALCTNLt2pp,3
GLYCL,3
GLYC3Pabcpp,3
GLUabcpp,3
GLNabcpp,3
GLYt4pp,3
GLGC,3
GLYC2Pabcpp,3
GRXR,3
GLU5K,3
GTPDPK,3
GLXCL,3
GLYCtpp,3
GLYAT,3
GPDDA4,3
GPDDA5,3
GPDDA4pp,3
GLYCLTDy,3
GSPMDA,3
GUI2,3
HEXt2rpp,3
HPYRRx,3
HSDy,3
HPPPNt2rpp,3
HCINNMt2rpp,3
INSt2pp_copy2,3
HDCEAtexi,3
IMPC,3
HACD3,3
HACD4,3
INSK,3
HEPK2,3
HEPT2,3
HYD2pp,3
HEX7,3
I2FE2SS2,3
I2FE2ST,3
ICHORS_copy2,3
HPPK2,3
IDOND,3
HOPNTAL,3
HSK,3
IG3PS,3
IMPD,3
FACOAE140,3
FACOAE160,3
LYSTRS,3
LALDO2x,3
LPLIPAL2A140,3
LDH_D,3
LPLIPAL2A180,3
LPLIPAL2ATE140,3
LPLIPAL2ATE160,3
LPLIPAL2ATE161,3
FACOAE181,3
LA4NTpp,3
LPLIPAL2ATE180,3
LPLIPAL2ATG120,3
FACOAL100t2pp,3
LACZpp,3
LADGMDH,3
LCTSt3ipp,3
MALTPTtexi,3
MALTtexi,3
LALALGLUtpp,3
LIPAHTex,3
LEUTRS,3
MINOHPtexi,3
MLDCP1Bpp,3
MLDEP1pp,3
MLDEP2pp,3
METSOXR2,3
MLTG5,3
MDDEP2pp,3
MTHTHFSs,3
MDH3,3
MINCYCtpp,3
MLTP3,3
MECDPS,3
MEPCT,3
METDabcpp,3
METTRS,3
MG2uabcpp,3
NOtpp,3
NMNAT,3
NMNPtpp,3
MLTGY1pp,3
NAt3pp,3
NDPK3,3
NACODA,3
NODOx,3
NO3R2bpp,3
NTD7,3
NTD9,3
NTD1,3
NTD11pp,3
NTD12,3
NTD8pp,3
NTD3,3
MNt2pp,3
NTD6,3
NTP1,3
NTPP1,3
OMMBLHX3,3
OMPHHX3,3
NTPP6,3
OPHHX3,3
OXAMTC,3
O16AP1pp,3
OROTt2_2pp,3
ORNabcpp,3
PA141abcpp,3
OHPHM,3
OHPBAT,3
MSAR,3
OPHBDC,3
PGSA141,3
OXCOAHDH,3
PDX5PS,3
PACCOAE,3
PANTS,3
PETNT181pp,3
PFK_3,3
PAPA140,3
PAPA141,3
PGPP160pp,3
PGM,3
PGPP161,3
PGPP180pp,3
PGPP181,3
PGPP181pp,3
PHYTSpp,3
PHEMEabcpp,3
MOCDS,3
PIt2rpp,3
PHETRS,3
PIuabcpp,3
PLIPA1E120pp,3
PMANM,3
PPAKr,3
PRAIi,3
MPTS,3
PSP_L,3
POR5,3
PPA,3
PROt4pp,3
PYDXK,3
PPNCL2,3
RBFK,3
PPCSCT,3
PPK,3
PPM,3
PTHRpp,3
PPPNt2rpp,3
PSSA120,3
PSSA141,3
PRAIS,3
PRFGS,3
PSSA160,3
PSSA181,3
PUNP7,3
PTRCabcpp,3
PTRCt2pp,3
QULNS,3
RNTR3c2,3
NADDP,3
RNDR2,3
RNTR4c2,3
NADH9,3
RNTR1c2,3
SO2tpp,3
S4FE4SR,3
RMI,3
SELCYSS,3
RMK,3
NADH17pp,3
SPMDabcpp,3
SLNTtpp,3
S4FE4ST,3
SADH,3
NADK,3
SDPDS,3
SUCCt3pp,3
T2DECAI,3
TDSR2,3
SERAT,3
SERD_D,3
TDSR1,3
NADPHQR3,3
SUCTARTtpp,3
SUCFUMtpp,3
THRS,3
SUCBZL,3
TMDK1,3
TMAOR1pp,3
TDPADGAT,3
THIORDXi,3
TMDS,3
TRE6PP,3
TREH,3
VALt2rpp,3
EX_feroxEfe_e,3
URItex,3
EX_salchs4_e,3
TYRTA,3
EX_salchs2fe_e,3
URCN,3
HDCAt2pp,3
SALCHS4FEexs,3
HACD3i,3
XAND,3
INOSTtpp,3
USHD,3
EX_frmd_e,3
EX_colipaOA_e,3
XYLI1,3
EX_AEP_e,3
UACGAMPpp,3
LEUt4rpp,3
EX_salchs2_e,3
CHITPH,3
EX_cellb_e,3
4HTHRtrpp,3
PSUDS,3
DM_lipidA_core_e_p,3
EX_6apa_e,3
EX_pac_e,3
DADK_copy2,3
EX_salcn_e,3
UAPGR,3
UDPGALM,3
EX_galam_e,3
EX_arab__D_e,3
UDCPDPpp,3
DCMPtex,3
ULA4NFT,3
HACD8i,3
HACD6i,3
DGMPtex,3
4H3NALDD,3
UHGADA,3
OXPTNDH,3
THZPSN,3
ARABDI,3
4PHACTE,3
3PHACOAOR,3
PHACTE,3
EAR180x,3
EAR180y,3
EAR181x,3
EAR40y,3
EAR60x,3
PLIPA1G160pp,3
PLIPA1G180pp,3
PLIPA1G181pp,3
PLIPA2A120pp,3
NTD2pp,3
NTD3pp,3
PLIPA2E140pp,3
PLIPA2E181pp,3
PLIPA2G120pp,3
PLIPA2G141pp,3
4HOXPACDtex,3
RNTR2c2,3
TETtex,3
ACONCtex,3
LPLIPAL2ATG161,3
2PGtex,3
DIMPtex,3
ACGAM1Ptex,3
XYLtex,3
LPLIPAL2E140,3
ILEtex,3
ALLtex,3
Ktex,3
PItex,3
LPLIPAL2E161,3
PSCLYStex,3
LALALGLUtex,3
ETOHtex,3
6APAt1,3
PNTOtex,3
PYRtex,3
MELIBtex,3
GALCTNLtex,3
METSOX1tex,3
RIBtex,3
RMNtex,3
METtex,3
CD2tex,3
GAMAN6Ptex,3
LPLIPAL2G160,3
G3PGtex,3
GAMtex,3
LPLIPAL2G161,3
BTNtex,3
G6Ptex,3
SKMtex,3
SO2tex,3
BUTtex,3
NACtex,3
GLCNtex,3
CO2tex,3
LPLIPAL2G181,3
GLCRtex,3
TARTRDtex,3
TAURtex,3
GLYBtex,3
3AMPtex,3
26DAHtex,3
GTHOXtex,3
THRPtex,3
TSULtex,3
TUNGStex,3
TYRtex,3
CU2tex,3
DALAtex,3
GTPtex,3
2AGPGAT181,3
H2O2tex,3
H2tex,3
PA181abcpp,3
PAPA180pp,3
PE160abcpp,3
PE161abcpp,3
PG160abcpp,3
PG180abcpp,3
PGP120abcpp,3
PGP140abcpp,3
LPLIPAL1A181pp,3
EX_fecrm_e,4
EX_feoxam_e,4
EX_frulys_e,4
DM_aacald_c,4
EX_anhgm_e,4
DM_amob_c,4
DM_mththf_c,4
EX_3hcinnm_e,4
EX_cit_e,4
EX_cpgn_e,4
EX_LalaDgluMdap_e,4
EX_crn__D_e,4
EX_cu_e,4
EX_ac_e,4
EX_cu2_e,4
EX_cyan_e,4
EX_cytd_e,4
EX_dgsn_e,4
EX_lys__L_e,4
EX_dms_e,4
EX_dtmp_e,4
EX_enter_e,4
EX_man_e,4
EX_ethso3_e,4
EX_fald_e,4
EX_fe2_e,4
EX_metsox_S__L_e,4
EX_mg2_e,4
EX_mmet_e,4
EX_mn2_e,4
EX_fe3hox_un_e,4
EX_no2_e,4
EX_galctn__L_e,4
EX_o16a4colipa_e,4
EX_tma_e,4
EX_ocdca_e,4
EX_trp__L_e,4
EX_peamn_e,4
EX_ppt_e,4
EX_psclys_e,4
EX_pyr_e,4
EX_quin_e,4
12DGR160tipp,4
EX_ser__D_e,4
12DGR161tipp,4
12DGR180tipp,4
EX_ser__L_e,4
EX_skm_e,4
EX_slnt_e,4
EX_succ_e,4
EX_sucr_e,4
14GLUCANtexi,4
2AGPA161tipp,4
EX_glcur1p_e,4
2AGPG120tipp,4
2AGPG140tipp,4
5MTRtpp,4
AACTOOR,4
AAMYL,4
2AGPEAT140,4
ACACt2pp,4
3OAR181,4
2AGPGAT160,4
42A12BOOXpp,4
3OAS161,4
3OAR140,4
3OAR141,4
3HAD140,4
3OAS181,4
3HAD180,4
AACPS4,4
EX_glyc_e,4
ACACT6r,4
ACMANAptspp,4
ACALD,4
ACACT8r,4
ACt2rpp,4
ACCOAC,4
ACCOAL,4
ACGAMT,4
ACt4pp,4
EX_glyclt_e,4
ADA,4
ADK1,4
ACOAD2f,4
ACOAD6f,4
ADK4,4
ACPPAT160,4
ACPPAT181,4
AGM3PApp,4
AGM3PH,4
AM4PA,4
AGt3,4
ALATA_L2,4
ALAt4pp,4
ARBTNR1,4
ARBTNR2,4
ARBTNtonex,4
APPLDHr,4
ANS,4
EX_h2o2_e,4
AMALT1,4
APCS,4
APG3PAT141,4
APG3PAT160,4
EX_h2s_e,4
APH140,4
APH141,4
AMMQLT8,4
AMPMS2,4
ARBt2rpp,4
ASPt2pp_copy2,4
ATPM,4
CBIuabcpp,4
BUTt2rpp,4
ARGTRS,4
ASO3t8pp,4
BALAt2pp,4
ASPK,4
ASPO5,4
ASPabcpp,4
ASPt2_3pp,4
ASR,4
CLPNH180pp,4
CHTBSptspp,4
CGLYabcpp,4
CLIPAabctex,4
BTS5,4
CBPS,4
BMOGDS1,4
CADVtpp,4
CDPMEK,4
CPGNUtpp,4
CFAS180G,4
COLIPAPabctex,4
COLIPAabctex,4
CHLabcpp,4
CU2abcpp,4
COBALT2t3pp,4
CHRPL,4
CINNDO,4
CITL,4
CLt3_2pp,4
CMtpp,4
CLPNS180pp,4
COLIPAKpp,4
CRNCBCT,4
CRNCDH,4
CRNCAR,4
DALAt2pp,4
CRNDabcpp,4
CYTDt2pp_copy1,4
CYSDDS,4
CS,4
CTECOAI7_copy1,4
CTPS2,4
EX_kdo2lipid4_e,4
EX_lac__D_e,4
DHBSH,4
EX_lac__L_e,4
DHPTDCs2,4
DAGK140,4
DAGK160,4
DAGK180,4
DGSNt2pp,4
DAGK181,4
DAPE,4
DCYTD,4
DCTPD,4
DASYN161,4
DGK1,4
EX_lipa_e,4
DBTS,4
DNMPPA,4
DURItex,4
DHFS,4
DOXRBCNtpp,4
DNTPPA,4
DRPA,4
DTMPK,4
DXPRIi,4
DHQTi,4
DMPPS,4
DXPS,4
EAR100x,4
ECA4COLIPAabctex,4
FE3HOXR3,4
EAR121y,4
EAR140y,4
EAR141y,4
FECRMR2,4
FECRMUtpp,4
FEOXAMUtex,4
FECRMexs,4
FEOXAMexs,4
FEENTERtpp,4
EDTXS4,4
FACOAL80t2pp,4
FBA3,4
GALT1,4
FCLPA,4
FDMO2,4
FDMO3,4
FDMO6,4
FLDR2,4
FRULYSE,4
FORt2pp,4
FRD3,4
G1PACT,4
G3PAT161,4
G2PP,4
GDMANE,4
GLCURt2rpp,4
G3PGabcpp,4
GALCTt2rpp,4
GALabcpp,4
GALS3,4
GF6PTA,4
GGPTRCS,4
GHBDHx,4
GLYt2pp_copy2,4
GLCNt2rpp,4
GLYCTO2,4
GLCTR1,4
GLCTR2,4
GLUTRS,4
GLYCDx,4
GTPHs,4
GUACYC,4
GLDBRAN2,4
GLYCLTt2rpp,4
GUAt2pp,4
GSNt2pp,4
GUAtex,4
GTHRDabc2pp,4
GMHEPAT,4
GLUDC,4
GLUt4pp,4
GMHEPPA,4
GLUPRT,4
GMPS2,4
ENTERES,4
GND,4
GLYALDtpp,4
F6PP,4
GLYC3Pt6pp,4
ETHAAL,4
GTHPi_copy1,4
GTHRDHpp,4
F6Pt6_2pp,4
GTHRDabcpp,4
FA141ACPHi,4
GTPCI,4
FA161ACPHi,4
FA80ACPHi,4
HACD2,4
ISETACabcpp,4
ILEabcpp,4
FA100ACPHi,4
HYD3pp,4
HYD1pp,4
HEPT1,4
ICHORS_copy1,4
HETZK,4
HISt2rpp,4
ICHORT,4
ICL,4
FA140ACPHi,4
ILETA,4
HSTPT,4
FACOAE100,4
HXAND,4
FACOAE120,4
INDOLEt2rpp,4
FACOAE161,4
LPLIPAL2A120,4
L_LACD2,4
LPLIPAL2A160,4
LPLIPAL2A181,4
KARA1,4
LIPAHT2ex,4
LPLIPAL2ATE141,4
LPLIPAL2ATE181,4
LPLIPAL2ATG141,4
Kabcpp,4
LYXI,4
LDH_D2,4
MALTTRtexi,4
FACOAL120t2pp,4
MALTHXabcpp,4
LEUTAi,4
LEUabcpp,4
MALTTRabcpp,4
MACPD,4
MALCOAMT,4
METOX1s,4
MALTptspp,4
MALTATr,4
METSOX1abcpp,4
METSOX2abcpp,4
MLDCP2Bpp,4
MLDCP3App,4
MAN6PI,4
MANPGH,4
MELIBt3ipp,4
ME1,4
METabcpp,4
NMNt7pp,4
NADN,4
NI2uabcpp,4
NHFRBO,4
MMM,4
MNLptspp,4
NAMNPP,4
NOVBCNtpp,4
MLTGY3pp,4
MLTGY4pp,4
NI2tpp,4
NNDPR,4
NAt3_1p5pp,4
OCDCAtexi,4
NDPK5,4
NDPK6,4
NTPP11,4
NO2t2rpp,4
MTHFD,4
NTD11,4
NTD6pp,4
NTD8,4
NTD12pp,4
O16AUNDtpp,4
OPMEACPD,4
OGMEACPD,4
NTRIR2x,4
OGMEACPS,4
OCTNLL,4
PA140abcpp,4
PDX5PO2,4
MNNH,4
OPHHX,4
MPTG2,4
PFK_2,4
PDXPP,4
PACCOAL,4
PERD,4
PAPA140pp,4
PAPPT3,4
PGCD,4
PGI,4
PGPP141,4
PMDPHT,4
MOAT3C,4
PGPP120,4
PGSA161,4
PGPP120pp,4
PROt2rpp,4
PYDAMtpp,4
PYDXNtpp,4
POAACR,4
PPA2,4
PYDXPP,4
R5PP,4
QMO3,4
PYDXNK,4
PSSA140,4
PRAMPC,4
PSSA161,4
PRPPS,4
PSD140,4
PTAr,4
PUNP3,4
PUNP4,4
NADH5,4
R15BPK,4
RBFSa,4
RBK,4
RNDR3,4
RNDR1,4
SDPTA,4
RBK_L1,4
SERD_L,4
RHAT1,4
RHCCE,4
SHSL1,4
SBTPD,4
SCYSDS,4
S2FE2SR,4
SELNPS,4
S7PI,4
SBTptspp,4
TDP,4
THMDt2pp_copy1,4
NADPHQR2,4
SHCHF,4
SGDS,4
SUCOAS,4
SHCHD2,4
SULabcpp,4
SSALy,4
SO4t2pp,4
SPMDAT1,4
TAURabcpp,4
SULR,4
SUCMALtpp,4
SUCBZS,4
TARTD,4
TMAOR1,4
TAUDO,4
TDPAGTA,4
TDPDRE,4
TDPGDH,4
TSULabcpp,4
TRSARr,4
THRD,4
URIC,4
TMK,4
TRE6PH,4
EX_4hphac_e,4
TREptspp,4
TRPS3,4
TYRPpp,4
EX_pep_e,4
XTSNt2rpp,4
XPPT,4
VALabcpp,4
CYSIabcpp,4
XYLK2,4
URIH,4
VALTA,4
X5PL3E,4
URACPAH,4
URAt2pp_copy2,4
UACGALPpp,4
EX_icit_e,4
ENTERH,4
OCDCEAt2pp,4
FLDR,4
U23GAAT,4
EX_airs_e,4
SALCHS4FEtonex,4
UAMAS,4
EX_udcpo5_e,4
EX_guln__L_e,4
EX_diact_e,4
INSTt2,4
4HTHRK,4
RNAMtpp,4
EX_bz_e,4
EX_abt__D_e,4
TTDCAt2pp,4
CYNTt2pp,4
UAAGDS,4
ACtex,4
UAGPT3,4
ADOCBLPS,4
EX_raffin_e,4
OAAt2_2pp,4
DDGLCNtex,4
TRPTA,4
UGMDDS,4
MMETt2pp,4
ULA4Ntppi,4
PHACOAOR,4
ADOCBLPP,4
VPAMTr_copy2,4
UPP3S,4
AMMQT8_2,4
MMM2,4
2PHACTE,4
ACGAL6PISO,4
CTECOAI7_copy2,4
EAR80x,4
PLIPA1G141pp,4
ECOAH3,4
ECOAH1,4
ECOAH2,4
H2Otex,4
Kt2pp,4
PLIPA2A181pp,4
PLIPA2E160pp,4
PLIPA2G160pp,4
UDPGtex,4
DHAtex,4
LPLIPAL1G141pp,4
LPLIPAL1G160pp,4
5DGLCNtex,4
UMPtex,4
LPLIPAL1G161pp,4
LPLIPAL2ATG181,4
DINStex,4
XMPtex,4
ACALDtex,4
DOXRBCNtex,4
XTSNtex,4
PEAMNtex,4
Zn2tex,4
ALAALAtex,4
PPAtex,4
LPLIPAL2E160,4
PROGLYtex,4
ISETACtex,4
PENGt1,4
GALAMtex,4
LPLIPAL2E180,4
AKGtex,4
PSERtex,4
LPLIPAL2E181,4
PACt1,4
FRULYStex,4
MALtex,4
MAN6Ptex,4
GALCTNtex,4
METDtex,4
MMETtex,4
MNtex,4
GALTtex,4
MINCYCtex,4
CGLYtex,4
SPMDtex,4
CMPtex,4
CITtex,4
NI2tex,4
SUCRtex,4
GLCtex_copy1,4
NMNtex,4
CUtex,4
TMAtex,4
NO2tex,4
34dhpactex,4
CYTDtex,4
GLYCAtex,4
NO3tex,4
CRNtex,4
3CMPtex,4
GSNtex,4
NOtex,4
GLYCLTtex,4
DAMPtex,4
AACPS9,4
PAPA161pp,4
PA161abcpp,4
PA180abcpp,4
PAPA181pp,4
PG120abcpp,4
PG141abcpp,4
PGP141abcpp,4
RIBabcpp,4
PLIPA1E180pp,4
